% obese and overweight,% P.E everyday,
16.45,50,Alabama
13.05,42.9,Alaska
11.7,39.9,Arizona
16.85,35.6,Arkansas
15.25,41.2,Delaware
13.15,42.8,Florida
14.9,49.7,Georgia
14.15,39.1,Hawaii
12.65,48.1,Idaho
12.95,84.2,Illinois
14.45,54.9,Kansas
16.7,34.4,Kentucky
14.95,60.7,Louisiana
12.9,40.2,Maine
12.9,39.1,Maryland
11.55,56.1,Massachusetts
14.25,35.9,Michigan
14.3,46.4,Mississippi
15.2,46.1,Missouri
11.15,54.4,Montana
13.25,49.6,Nebraska
13,53.9,Nevada
12.5,35,New Hampshire
11.35,88.7,New Jersey
13.8,47.3,New Mexico
12.2,92.7,New York
13.55,37.6,Oklahoma
13.45,76.9,Rhode Island 77.7
12.55,30.7,South Dakota
16.15,40.1,Tennessee
15.65,50.1,Texas
8.7,57,Utah
14.5,41.1,Vermont
13.35,52.3,Virginia
15.55,38.2,West Virginia
12.3,52.1,Wisconsin
11.75,55.3,Wyoming
